{"cameraMode":{"drawMode":0,"name":"Shaded","section":"Shading Mode"},"sceneLighting":true,"audioPlay":false,"sceneViewState":{"showFog":true,"showMaterialUpdate":false,"showSkybox":true,"showFlares":true,"showImageEffects":true,"showParticleSystems":true,"showVisualEffectGraphs":true,"m_FxEnabled":true},"in2DMode":false,"pivot":{"x":-161.25254821777345,"y":-140.06739807128907,"z":-422.84906005859377},"rotation":{"x":0.026990443468093873,"y":-0.9725684523582459,"z":0.14729830622673036,"w":0.17827656865119935},"size":238.82907104492188,"orthographic":false}